0x6235fb71f8554b973a89f6612fac3ba19efa66d6,	Pie
0x657772982dc7ac154ea1efe16f894629b972e4b3,	Honey
0xb93fb20233f482adc91d9f8c63b770b23a88dbdf,	DepositBank
0xf8c0d02091292de6f62e805f578599c4f649835c,	Reward
0x49d9f576320f574e46a11e60d6a8fba4b83f2340,	PassDao
0x406c393dba51b693d4203b3861e94b94ca7f5b35,	Store
0xf13d7ad315b89c08b03c897afa0f1850e491f93f,	DSProxy
0x5d9f57c471185fa180e0fa26118ed30c8f1f4b15,	RiskSharingToken
0xcefa78f1136f5ef6e8f447dde77aa1604db40f76,	Parsec
0xf77b6dad0b66b8a1f7fb3823eaf4d965ba5431b4,	Ciphs
0xe662113842a8395677a030d9f85602c5aee5c415,	CBToken
0x6235fb71f8554b973a89f6612fac3ba19efa66d6,	Pie
0x657772982dc7ac154ea1efe16f894629b972e4b3,	Honey
0xb93fb20233f482adc91d9f8c63b770b23a88dbdf,	DepositBank
0xf8c0d02091292de6f62e805f578599c4f649835c,	Reward
0x49d9f576320f574e46a11e60d6a8fba4b83f2340,	PassDao
0x406c393dba51b693d4203b3861e94b94ca7f5b35,	Store
0x4f2fae8756ca905f44dc8916ec592f1f6590484a,	NumberBoard
0x91e1686707e0582ce54172d27c907427b957bc03,	Fermat
0x2edac1bac99d6cc5349cff9d1dd5da487954b947,	EthronTokenPonzi
0x775dd681dafa8cdb041182bcdaad119771bfb0f5,	EtherConsole
0xfe538315f5d9eed1a6232a5d6c1708f845e003f7,	BuyerFund
0xca66575b193ca8633f0f4c6f91037e9170766e13,	Doubly
0xbcf6fb693173f2a6c7c837a31717c403b496ccad,	CryptoChamps
0x4f3f2502192b6d1e86730186b588616759e55c13,	HashToken
0x7279e4a0ba789ecaafa80729c5f62273db4ef525,	CryptoPoosToken
0x06f14943ff3e80e334028699f07b33c0cbbb32a9,	SmartBillions
0x0965739aeb953316fd58d0cee421c5206085436a,	Cubic
0x10e7f24f79045cfd46d103bbdefa255fc0d47cc6,	KiddyToys
0x745dd1208bd8cfff696e2fc0581fe914b967c99f,	Bombs
0x9226fd6c656c6abee8201f508e08c7a986b7e75d,	BetterAuction
0xafc453404d8a0d116a0b079b2f962a5c898fa306,	EtherGuess
0xaeea879c142d513eda3e034c3f1dbe89b5304fee,	EthDickMeasuringGamev2
0x2375046082035bb6b8a5d9eb72bd5f7560bd6404,	SimpleAuction
0xd9842e850b7f4564ac56f9ad72d677332e5fd143,	KingOfTheHill
0xb506feddbf7b11d8f2a07b6010e864c3b6948cdb,	TopKing